<application>
  <component name="FileTypeManager" version="18">
    <extensionMap>
      <removed_mapping ext="apk" approved="true" type="ARCHIVE" />
      <removed_mapping ext="cql" approved="true" type="SQL" />
      <removed_mapping ext="csv" approved="true" type="CSV/TSV" />
      <removed_mapping ext="dockerignore" approved="true" type="DockerIgnore file" />
      <removed_mapping ext="fnc" approved="true" type="SQL" />
      <removed_mapping ext="ignore" approved="true" type="IgnoreLang file" />
      <removed_mapping ext="pkb" approved="true" type="SQL" />
      <removed_mapping ext="pks" approved="true" type="SQL" />
      <removed_mapping ext="prc" approved="true" type="SQL" />
      <removed_mapping ext="psd" approved="true" type="Image" />
      <removed_mapping ext="redis" approved="true" type="SQL" />
      <removed_mapping ext="sql" approved="true" type="SQL" />
      <removed_mapping ext="svg" approved="true" type="XML" />
      <removed_mapping ext="tpb" approved="true" type="SQL" />
      <removed_mapping ext="tps" approved="true" type="SQL" />
      <removed_mapping ext="trg" approved="true" type="SQL" />
      <removed_mapping ext="tsv" approved="true" type="CSV/TSV" />
      <removed_mapping ext="vw" approved="true" type="SQL" />
      <removed_mapping ext="xls" approved="true" type="Native" />
      <removed_mapping ext="xlsx" approved="true" type="Native" />
      <mapping ext="plantuml" type="PlantUML file" />
    </extensionMap>
  </component>
</application>