<application>
  <component name="StringManipulationState">
    <option name="lastAction">
      <UniversalActionModel>
        <option name="actionClassName" value="osmedile.intellij.stringmanip.SwitchFilePathSeparators" />
      </UniversalActionModel>
    </option>
    <option name="sortSettings">
      <SortSettings>
        <option name="collatorLanguageTag" value="ko_KR" />
      </SortSettings>
    </option>
    <option name="sortTokensModel">
      <SortTokensModel>
        <option name="sortSettings">
          <SortSettings>
            <option name="collatorLanguageTag" value="ko_KR" />
          </SortSettings>
        </option>
      </SortTokensModel>
    </option>
  </component>
</application>