<application>
  <component name="AppStorage">
    <histories>
      <item value="Payment currency for recharge request" />
    </histories>
    <option name="languageScores">
      <map>
        <entry key="ENGLISH" value="1" />
        <entry key="KOREAN" value="1" />
      </map>
    </option>
  </component>
  <component name="Cache">
    <option name="lastTrimTime" value="1669361266972" />
  </component>
  <component name="Translation.Cache">
    <option name="lastTrimTime" value="1678939665672" />
  </component>
  <component name="Translation.States">
    <histories>
      <item value="values" />
      <item value="Override" />
    </histories>
    <option name="languageScores">
      <map>
        <entry key="ENGLISH" value="2" />
        <entry key="KOREAN" value="2" />
      </map>
    </option>
  </component>
</application>